{
    "accuracy": [
        0.7456151843070984,
        0.7580784559249878,
        0.7620803713798523,
        0.7644274234771729,
        0.7673711776733398,
        0.7717868089675903,
        0.7758007049560547,
        0.7758086323738098,
        0.777161180973053,
        0.777984619140625,
        0.7784619927406311,
        0.7781198620796204,
        0.7793650031089783,
        0.780602216720581,
        0.7803595662117004,
        0.7812585830688477,
        0.781417727470398,
        0.7825872302055359,
        0.7822889089584351,
        0.782253086566925,
        0.7832316756248474,
        0.7832913398742676,
        0.7830168604850769,
        0.783462405204773,
        0.7839835286140442,
        0.7846319675445557,
        0.78437739610672,
        0.7843256592750549,
        0.7845205664634705,
        0.7851451635360718,
        0.7844489812850952,
        0.7856383919715881,
        0.7860123515129089,
        0.7858174443244934,
        0.7863624095916748,
        0.7867442965507507,
        0.7860362529754639,
        0.7864300608634949,
        0.7874285578727722,
        0.78647780418396,
        0.7861356735229492,
        0.7876353859901428,
        0.7870545983314514,
        0.7871540784835815,
        0.7866130471229553,
        0.7878342866897583,
        0.7875916361808777,
        0.7879178524017334
    ],
    "loss": [
        0.516577422618866,
        0.4992429316043854,
        0.4942900538444519,
        0.48961251974105835,
        0.4872293472290039,
        0.4816987216472626,
        0.4763728976249695,
        0.47531312704086304,
        0.4728575646877289,
        0.4716842770576477,
        0.47045767307281494,
        0.470203697681427,
        0.4682275950908661,
        0.46638092398643494,
        0.46690434217453003,
        0.46523427963256836,
        0.46406635642051697,
        0.4637831747531891,
        0.4636768102645874,
        0.46395787596702576,
        0.4619968831539154,
        0.4627560079097748,
        0.46320071816444397,
        0.46260324120521545,
        0.46142253279685974,
        0.46079543232917786,
        0.46062296628952026,
        0.4610397517681122,
        0.460711270570755,
        0.4595082402229309,
        0.4592507779598236,
        0.45934417843818665,
        0.4581298232078552,
        0.4580982029438019,
        0.45722121000289917,
        0.457185298204422,
        0.4573074281215668,
        0.4572400450706482,
        0.45698511600494385,
        0.45687541365623474,
        0.45717188715934753,
        0.4560847580432892,
        0.45582830905914307,
        0.455618679523468,
        0.4565180540084839,
        0.4555946886539459,
        0.45459601283073425,
        0.45500630140304565
    ],
    "val_accuracy": [
        0.7573148012161255,
        0.7618908286094666,
        0.7630855441093445,
        0.7665344476699829,
        0.7676389813423157,
        0.7731617093086243,
        0.7629953622817993,
        0.7791804075241089,
        0.7817726731300354,
        0.7590054273605347,
        0.7829899191856384,
        0.7760470509529114,
        0.7874532341957092,
        0.7825391292572021,
        0.7541138529777527,
        0.7815472483634949,
        0.7810964584350586,
        0.7836887240409851,
        0.7847933173179626,
        0.7904062271118164,
        0.7831477522850037,
        0.7863035798072815,
        0.7862585186958313,
        0.7762724757194519,
        0.7875208258628845,
        0.7899553775787354,
        0.7826969027519226,
        0.7881971001625061,
        0.7909021377563477,
        0.7887155413627625,
        0.7778503894805908,
        0.7886254191398621,
        0.7796086668968201,
        0.7755060791969299,
        0.7870474457740784,
        0.7883098125457764,
        0.7889184355735779,
        0.790654182434082,
        0.7855146527290344,
        0.7898426651954651,
        0.7833055257797241,
        0.7788422703742981,
        0.7880843877792358,
        0.7854695320129395,
        0.7876561284065247,
        0.7907217741012573,
        0.7920066714286804,
        0.7886704802513123
    ],
    "val_loss": [
        0.5015785098075867,
        0.49111101031303406,
        0.49380627274513245,
        0.4857557713985443,
        0.48648208379745483,
        0.4771423041820526,
        0.49837616086006165,
        0.47038158774375916,
        0.4645962715148926,
        0.48827555775642395,
        0.4626327455043793,
        0.46829119324684143,
        0.46128877997398376,
        0.46152275800704956,
        0.5048315525054932,
        0.4625658392906189,
        0.46018436551094055,
        0.4686068594455719,
        0.46079379320144653,
        0.4567306637763977,
        0.46342119574546814,
        0.45715272426605225,
        0.4594469964504242,
        0.47079986333847046,
        0.4550294280052185,
        0.45534786581993103,
        0.4606097638607025,
        0.4580995738506317,
        0.45323261618614197,
        0.4541778564453125,
        0.47600045800209045,
        0.4586560130119324,
        0.4627312123775482,
        0.4653554856777191,
        0.4566478729248047,
        0.45440787076950073,
        0.45578157901763916,
        0.4513341188430786,
        0.4589846730232239,
        0.4516146183013916,
        0.4626578986644745,
        0.4673902690410614,
        0.4539607763290405,
        0.4594920575618744,
        0.4572187662124634,
        0.4523756206035614,
        0.45168572664260864,
        0.4598800241947174
    ]
}