{
    "accuracy": [
        0.672751784324646,
        0.7138025760650635,
        0.7320184111595154,
        0.7410644888877869,
        0.745151937007904,
        0.7467705607414246,
        0.7490630149841309,
        0.7505079507827759,
        0.7527688145637512,
        0.7538584470748901,
        0.7592276930809021,
        0.7592039704322815,
        0.759925127029419,
        0.7604673504829407,
        0.7610674500465393,
        0.7613359093666077,
        0.7617701292037964,
        0.7620333433151245,
        0.7617833018302917,
        0.7620043754577637,
        0.765389084815979,
        0.7654786109924316,
        0.7655102014541626,
        0.7654812335968018,
        0.7659023404121399,
        0.7659286856651306,
        0.7661707997322083,
        0.7663313746452332,
        0.7663155794143677,
        0.7670525312423706,
        0.7679895162582397,
        0.7681500315666199,
        0.7679789662361145,
        0.7685290575027466,
        0.7685448527336121,
        0.7686606645584106,
        0.7685895562171936,
        0.768218457698822,
        0.7685527205467224,
        0.7686843276023865,
        0.7691949605941772,
        0.7693765163421631,
        0.769505500793457,
        0.7698292136192322,
        0.7695555090904236,
        0.7694107294082642,
        0.7698055505752563,
        0.7695160508155823,
        0.7701345682144165,
        0.7696107625961304
    ],
    "auc": [
        0.8456531763076782,
        0.8753746151924133,
        0.8884413242340088,
        0.8939011693000793,
        0.8962693214416504,
        0.8977080583572388,
        0.8996140360832214,
        0.9005537033081055,
        0.9017549157142639,
        0.902625322341919,
        0.9060761332511902,
        0.9064639210700989,
        0.907116711139679,
        0.9070494771003723,
        0.9077858328819275,
        0.9076860547065735,
        0.9081428647041321,
        0.9085297584533691,
        0.9084569215774536,
        0.9085128307342529,
        0.9107837677001953,
        0.9106929898262024,
        0.9109506607055664,
        0.9110633730888367,
        0.9112079739570618,
        0.9112855792045593,
        0.9114041328430176,
        0.9114733338356018,
        0.9114123582839966,
        0.9118187427520752,
        0.9127399325370789,
        0.912777304649353,
        0.9128143191337585,
        0.9129527807235718,
        0.9129927158355713,
        0.9129395484924316,
        0.9130997657775879,
        0.9130770564079285,
        0.9131830930709839,
        0.9132933020591736,
        0.9138762354850769,
        0.9138565063476562,
        0.913916289806366,
        0.9139358401298523,
        0.913969099521637,
        0.9139475226402283,
        0.9140616059303284,
        0.9140079021453857,
        0.914107620716095,
        0.9140841364860535
    ],
    "loss": [
        0.7425456047058105,
        0.6724273562431335,
        0.6383509635925293,
        0.6231680512428284,
        0.6165047883987427,
        0.6123772859573364,
        0.6069448590278625,
        0.6041008234024048,
        0.6005346179008484,
        0.5980328917503357,
        0.5879697203636169,
        0.5868639349937439,
        0.5848904848098755,
        0.5849825739860535,
        0.5828844308853149,
        0.5831003785133362,
        0.581666886806488,
        0.580504298210144,
        0.580650269985199,
        0.5804302096366882,
        0.5736652612686157,
        0.573899507522583,
        0.5731039643287659,
        0.5727466344833374,
        0.5722694993019104,
        0.5720453858375549,
        0.571689248085022,
        0.5714645385742188,
        0.5715613961219788,
        0.5703715682029724,
        0.5675749182701111,
        0.5674322843551636,
        0.5672904849052429,
        0.566889226436615,
        0.5667586326599121,
        0.5668909549713135,
        0.5664283633232117,
        0.5664482116699219,
        0.5661318898200989,
        0.5658110976219177,
        0.5640541315078735,
        0.5640769004821777,
        0.5638734698295593,
        0.5638372302055359,
        0.5637281537055969,
        0.5637803077697754,
        0.5634459257125854,
        0.5635842680931091,
        0.5632817149162292,
        0.5633743405342102
    ],
    "val_accuracy": [
        0.7006114721298218,
        0.731349766254425,
        0.7436241507530212,
        0.7481580972671509,
        0.7499477863311768,
        0.7514392137527466,
        0.7441759705543518,
        0.7477256059646606,
        0.7512453198432922,
        0.7510067224502563,
        0.7339299321174622,
        0.7574198246002197,
        0.7629380822181702,
        0.7626994848251343,
        0.7579418420791626,
        0.7662341594696045,
        0.7642505764961243,
        0.7654138803482056,
        0.7577628493309021,
        0.7646532654762268,
        0.7645339369773865,
        0.7660253643989563,
        0.7675764560699463,
        0.7656823396682739,
        0.7652497887611389,
        0.7639821171760559,
        0.7652050852775574,
        0.7655481100082397,
        0.7675465941429138,
        0.7664727568626404,
        0.7655630111694336,
        0.766636848449707,
        0.7687397599220276,
        0.7679641842842102,
        0.7671588659286499,
        0.7662639617919922,
        0.768262505531311,
        0.7659507989883423,
        0.7678449153900146,
        0.7677703499794006,
        0.7678001523017883,
        0.7686651945114136,
        0.7682028412818909,
        0.7677703499794006,
        0.7688739895820618,
        0.7689783573150635,
        0.7686651945114136,
        0.7685906291007996,
        0.7680537104606628,
        0.7695003747940063
    ],
    "val_auc": [
        0.8698319792747498,
        0.886518120765686,
        0.8971202373504639,
        0.8960496187210083,
        0.8994148969650269,
        0.9021400213241577,
        0.8949406147003174,
        0.8996083736419678,
        0.9006005525588989,
        0.8981846570968628,
        0.8918810486793518,
        0.9066721796989441,
        0.9095845222473145,
        0.9099352359771729,
        0.9055176973342896,
        0.9102005362510681,
        0.9104171991348267,
        0.9112744927406311,
        0.9071223735809326,
        0.9112460613250732,
        0.9112436175346375,
        0.912045955657959,
        0.9122137427330017,
        0.9121244549751282,
        0.9117283225059509,
        0.9104318022727966,
        0.910603940486908,
        0.9118741154670715,
        0.9122061133384705,
        0.9119096398353577,
        0.9116030931472778,
        0.912039577960968,
        0.9128923416137695,
        0.9131062030792236,
        0.9126859903335571,
        0.9117571115493774,
        0.913307249546051,
        0.9114595651626587,
        0.91314697265625,
        0.9127553105354309,
        0.9135140180587769,
        0.9135200381278992,
        0.913274884223938,
        0.9133512377738953,
        0.9133992195129395,
        0.9137064814567566,
        0.913667619228363,
        0.913615882396698,
        0.9132377505302429,
        0.9139195084571838
    ],