{
    "loss": [
        0.4543188512325287,
        0.432027131319046,
        0.426781564950943,
        0.4245741367340088,
        0.4237736165523529,
        0.42221033573150635,
        0.42102089524269104,
        0.42035767436027527,
        0.4195117950439453,
        0.4177895784378052,
        0.4180472791194916,
        0.41582611203193665,
        0.4155573546886444,
        0.414909303188324,
        0.4145243167877197,
        0.4139183759689331,
        0.4134242534637451
    ],
    "accuracy": [
        0.7892902493476868,
        0.8036828637123108,
        0.806809663772583,
        0.8077006936073303,
        0.8076490163803101,
        0.8087986707687378,
        0.8095704317092896,
        0.8103620409965515,
        0.8105649352073669,
        0.8109826445579529,
        0.8102347254753113,
        0.8120408058166504,
        0.8119652271270752,
        0.812717080116272,
        0.8130671381950378,
        0.8127488493919373,
        0.8131228089332581
    ],
    "auc_2": [
        0.8681896328926086,
        0.8819863200187683,
        0.8850119709968567,
        0.8862178325653076,
        0.8866515755653381,
        0.8875030279159546,
        0.8882314562797546,
        0.8885802030563354,
        0.8890480399131775,
        0.889965832233429,
        0.8898101449012756,
        0.8909873366355896,
        0.8911290168762207,
        0.8914721608161926,
        0.8916710615158081,
        0.891958475112915,
        0.8922396302223206
    ],
    "val_loss": [
        0.5521306991577148,
        0.5592801570892334,
        0.42097002267837524,
        0.44773125648498535,
        0.45089656114578247,
        0.4221850335597992,
        0.4177604019641876,
        0.42648792266845703,
        0.4325020909309387,
        0.43079182505607605,
        0.4230504333972931,
        0.41865089535713196,
        0.4269305169582367,
        0.508783757686615,
        0.46750086545944214,
        0.48209458589553833,
        0.5179570317268372
    ],
    "val_accuracy": [
        0.7075650095939636,
        0.6872548460960388,
        0.8078986406326294,
        0.8010234236717224,
        0.8046075701713562,
        0.8089130520820618,
        0.8109192848205566,
        0.808574914932251,
        0.8060502409934998,
        0.8099048733711243,
        0.8104684352874756,
        0.8097696304321289,
        0.8111221194267273,
        0.7414453625679016,
        0.7796537280082703,
        0.7713133096694946,
        0.728979766368866
    ],
    "val_auc_2": [
        0.8636514544487,
        0.8475491404533386,
        0.8884279727935791,
        0.8799412250518799,
        0.8840184807777405,
        0.8888390064239502,
        0.8904215097427368,
        0.8863124847412109,
        0.8905327916145325,
        0.8898244500160217,
        0.8913882970809937,
        0.8910480737686157,
        0.8894057869911194,
        0.8634838461875916,
        0.8682730793952942,
        0.8761757016181946,
        0.8438796401023865
    ]
}