{
    "loss": [
        0.5609334707260132,
        0.4624353349208832,
        0.4575986862182617,
        0.4543193280696869,
        0.4529411792755127,
        0.4520953595638275,
        0.4506819546222687,
        0.45002442598342896,
        0.4490521252155304,
        0.44816574454307556,
        0.44791916012763977,
        0.4468737244606018,
        0.44622698426246643,
        0.4460855722427368,
        0.4455503821372986,
        0.44576868414878845,
        0.4449670910835266,
        0.44443634152412415,
        0.4441211521625519,
        0.4439372718334198,
        0.4432257413864136,
        0.44349440932273865,
        0.4432094097137451,
        0.44270429015159607,
        0.4423843026161194,
        0.4423667788505554,
        0.4418815076351166,
        0.44186386466026306,
        0.4417971074581146,
        0.44158944487571716,
        0.44142231345176697,
        0.44151970744132996,
        0.4441350996494293,
        0.44119659066200256,
        0.44065478444099426,
        0.4405490756034851,
        0.44025251269340515,
        0.44066300988197327,
        0.44038498401641846,
        0.4404091536998749,
        0.44122666120529175,
        0.43965229392051697,
        0.43992045521736145
    ],
    "accuracy": [
        0.6988491415977478,
        0.7867442965507507,
        0.7882957458496094,
        0.789887011051178,
        0.7905712127685547,
        0.7905314564704895,
        0.7914224863052368,
        0.791573703289032,
        0.7922379970550537,
        0.7924846410751343,
        0.7926835417747498,
        0.7933876514434814,
        0.7941713333129883,
        0.7937815189361572,
        0.7944219708442688,
        0.7941673994064331,
        0.7945452928543091,
        0.7947998642921448,
        0.7951658368110657,
        0.7951539158821106,
        0.7958341836929321,
        0.7950107455253601,
        0.7960131764411926,
        0.7956949472427368,
        0.7959296703338623,
        0.7963115572929382,
        0.7964905500411987,
        0.7963593006134033,
        0.7966019511222839,
        0.796593964099884,
        0.7964308857917786,
        0.7961364984512329,
        0.7970991730690002,
        0.7969798445701599,
        0.7967849373817444,
        0.7966775298118591,
        0.7971389889717102,
        0.7973020672798157,
        0.7971469163894653,
        0.7969201803207397,
        0.7967690229415894,
        0.7973179817199707,
        0.797441303730011
    ],
    "auc_4": [
        0.7788200378417969,
        0.8633368611335754,
        0.8661264777183533,
        0.8682242631912231,
        0.869003176689148,
        0.8694803714752197,
        0.8703842759132385,
        0.870705783367157,
        0.8712827563285828,
        0.8717811107635498,
        0.8719443082809448,
        0.8726001381874084,
        0.8728474974632263,
        0.8730475902557373,
        0.873285710811615,
        0.8732332587242126,
        0.8737015724182129,
        0.873955488204956,
        0.8741929531097412,
        0.8742677569389343,
        0.8746155500411987,
        0.8744795918464661,
        0.8747158646583557,
        0.8749697208404541,
        0.8751622438430786,
        0.8752398490905762,
        0.8754564523696899,
        0.8754830956459045,
        0.8755677342414856,
        0.875655472278595,
        0.875758171081543,
        0.8756853342056274,
        0.8758445978164673,
        0.875903844833374,
        0.8762027621269226,
        0.8762121796607971,
        0.8764309287071228,
        0.8762931823730469,
        0.8763885498046875,
        0.876255989074707,
        0.8764557838439941,
        0.8767774701118469,
        0.8766157031059265
    ],
    "val_loss": [
        0.47093841433525085,
        0.46905839443206787,
        0.47242996096611023,
        0.4579458236694336,
        0.4617161750793457,
        0.45383670926094055,
        0.4496482014656067,
        0.45432958006858826,
        0.452991783618927,
        0.4506383240222931,
        0.4573001563549042,
        0.4547383189201355,
        0.44803115725517273,
        0.45376691222190857,
        0.4460945427417755,
        0.45844992995262146,
        0.445360392332077,
        0.44704052805900574,
        0.44749584794044495,
        0.4459344744682312,
        0.44791683554649353,
        0.4490016996860504,
        0.44585663080215454,
        0.4462586045265198,
        0.44764697551727295,
        0.4458446502685547,
        0.4447706639766693,
        0.44619131088256836,
        0.4489542841911316,
        0.4496621787548065,
        0.44605597853660583,
        0.4497000575065613,
        0.44421282410621643,
        0.448180228471756,
        0.4510178565979004,
        0.44762998819351196,
        0.4478030502796173,
        0.44599923491477966,
        0.4497508704662323,
        0.4456113874912262,
        0.4498278498649597,
        0.45126497745513916,
        0.4458159804344177
    ],
    "val_accuracy": [
        0.7786844372749329,
        0.7862133979797363,
        0.7823137044906616,
        0.7860330939292908,
        0.7843424677848816,
        0.7889184355735779,
        0.7900229692459106,
        0.7902483940124512,
        0.7911500930786133,
        0.7921644449234009,
        0.7909021377563477,
        0.7909246683120728,
        0.7915783524513245,
        0.7915558218955994,
        0.7934718728065491,
        0.7897976040840149,
        0.7927280068397522,
        0.7911500930786133,
        0.7934042811393738,
        0.7921193838119507,
        0.7933140993118286,
        0.790586531162262,
        0.7939452528953552,
        0.7941256165504456,
        0.7925702333450317,
        0.7946215271949768,
        0.7942157983779907,
        0.7946215271949768,
        0.7917587161064148,
        0.7923898696899414,
        0.7942608594894409,
        0.793516993522644,
        0.7966277599334717,
        0.7939452528953552,
        0.7915558218955994,
        0.7913303971290588,
        0.7937198281288147,
        0.7937874794006348,
        0.7928407192230225,
        0.7950047254562378,
        0.7918263673782349,
        0.7948694825172424,
        0.795094907283783
    ],
    "val_auc_4": [
        0.8641682267189026,
        0.8654869794845581,
        0.8653207421302795,
        0.8673621416091919,
        0.8671324253082275,
        0.8695634603500366,
        0.8709438443183899,
        0.871090292930603,
        0.8710972666740417,
        0.8717662692070007,
        0.8701684474945068,
        0.8718836307525635,
        0.8728576898574829,
        0.8719989061355591,
        0.8735994100570679,
        0.8702281713485718,
        0.8735472559928894,
        0.8727593421936035,
        0.8726599812507629,
        0.8739534020423889,
        0.8735018372535706,
        0.871584951877594,
        0.8738106489181519,
        0.8732556700706482,
        0.872651994228363,
        0.8736533522605896,
        0.874169647693634,
        0.8737044334411621,
        0.8733847141265869,
        0.8733536601066589,
        0.8741735219955444,
        0.8736433386802673,
        0.8745470643043518,
        0.8737345933914185,
        0.8738133907318115,
        0.8743987083435059,
        0.8743129968643188,
        0.8735942244529724,
        0.8741623163223267,
        0.8739837408065796,
        0.8730881214141846,
        0.873839795589447,
        0.8743979334831238
    ]
}