{
    "loss": [
        0.4955524802207947,
        0.46043097972869873,
        0.4557836949825287,
        0.45331868529319763,
        0.450824499130249,
        0.44960305094718933,
        0.45062166452407837,
        0.4492858946323395,
        0.44779351353645325,
        0.4471072554588318,
        0.44653406739234924,
        0.4458249509334564,
        0.4450496435165405,
        0.44455718994140625,
        0.4443618357181549,
        0.44414836168289185,
        0.4430428743362427,
        0.44313865900039673,
        0.4426947832107544,
        0.4421427249908447,
        0.44185543060302734,
        0.44166886806488037,
        0.44109535217285156,
        0.44062840938568115,
        0.4408351182937622,
        0.44077789783477783
    ],
    "accuracy": [
        0.7605845928192139,
        0.7859407663345337,
        0.7885026335716248,
        0.7895448803901672,
        0.7903364896774292,
        0.7909570932388306,
        0.7909730076789856,
        0.7922141551971436,
        0.793244481086731,
        0.7929898500442505,
        0.7942389845848083,
        0.7940917611122131,
        0.7945930361747742,
        0.7946049571037292,
        0.7947561144828796,
        0.7949709296226501,
        0.7959176898002625,
        0.7952971458435059,
        0.7959575057029724,
        0.7959813475608826,
        0.7963473200798035,
        0.7962399125099182,
        0.7968246936798096,
        0.796665608882904,
        0.79704749584198,
        0.7969241738319397
    ],
    "auc_1": [
        0.8394691944122314,
        0.8643209934234619,
        0.8671513795852661,
        0.8685556054115295,
        0.8701348900794983,
        0.8708338141441345,
        0.8703078031539917,
        0.8710759878158569,
        0.8719604015350342,
        0.8723025918006897,
        0.872684895992279,
        0.8730835914611816,
        0.8734501004219055,
        0.8738163113594055,
        0.8738839030265808,
        0.8740227818489075,
        0.8746793866157532,
        0.8745940327644348,
        0.8749157786369324,
        0.8752476572990417,
        0.8754168152809143,
        0.8755107522010803,
        0.8758253455162048,
        0.8760307431221008,
        0.8760082721710205,
        0.8760257363319397
    ],
    "val_loss": [
        0.5673672556877136,
        0.4765913486480713,
        0.5570147633552551,
        0.5006163716316223,
        0.5049071311950684,
        0.45162534713745117,
        0.5175302028656006,
        0.4513431787490845,
        0.5044554471969604,
        0.5698578953742981,
        0.4557509422302246,
        0.5355045199394226,
        0.6207877397537231,
        0.4628027379512787,
        0.46315252780914307,
        0.44418105483055115,
        0.45919743180274963,
        0.6982131004333496,
        0.5641526579856873,
        0.46893465518951416,
        0.46164876222610474,
        0.49202707409858704,
        0.467307448387146,
        0.49299460649490356,
        0.4500071704387665,
        0.4561486542224884
    ],
    "val_accuracy": [
        0.6728280782699585,
        0.7826292514801025,
        0.6871646642684937,
        0.7878139019012451,
        0.783711314201355,
        0.7881069183349609,
        0.7672783136367798,
        0.7900680899620056,
        0.7791804075241089,
        0.6768180131912231,
        0.7905189394950867,
        0.7929309010505676,
        0.6494973301887512,
        0.7921193838119507,
        0.7925477027893066,
        0.7943510413169861,
        0.7932915687561035,
        0.6327487230300903,
        0.6928226947784424,
        0.7914431095123291,
        0.7892791032791138,
        0.7736350893974304,
        0.7949821949005127,
        0.790969729423523,
        0.7950723767280579,
        0.7943510413169861
    ],
    "val_auc_1": [
        0.8197917342185974,
        0.8695629835128784,
        0.8436610102653503,
        0.8665468692779541,
        0.866530179977417,
        0.8715888261795044,
        0.8583060503005981,
        0.8711807131767273,
        0.8525281548500061,
        0.7980070114135742,
        0.8721140623092651,
        0.8720918297767639,
        0.7910980582237244,
        0.8706631660461426,
        0.8652775287628174,
        0.8746318221092224,
        0.8681803345680237,
        0.7450506091117859,
        0.828027606010437,
        0.870524525642395,
        0.8727047443389893,
        0.8561196327209473,
        0.8676937222480774,
        0.8584696650505066,
        0.8742408156394958,
        0.8720938563346863
    ]
}