{
    "loss": [
        0.631950855255127,
        0.4396566152572632,
        0.4277169108390808,
        0.4238870441913605,
        0.4220520257949829,
        0.42058655619621277,
        0.4191068112850189,
        0.41828811168670654,
        0.41736894845962524,
        0.4167361557483673,
        0.41605836153030396,
        0.4154413044452667,
        0.4149637818336487,
        0.4144551157951355,
        0.41374242305755615,
        0.4134629964828491,
        0.413450688123703,
        0.4128861725330353,
        0.4127707779407501,
        0.4125150144100189,
        0.41221004724502563,
        0.4116303026676178,
        0.411892294883728,
        0.4112658202648163,
        0.41097354888916016,
        0.4107329845428467,
        0.41042983531951904,
        0.410673588514328,
        0.40992939472198486,
        0.4100629389286041,
        0.4099932014942169,
        0.41000640392303467,
        0.40946638584136963,
        0.4093908369541168,
        0.40923795104026794,
        0.40862637758255005,
        0.4089723825454712,
        0.408435583114624,
        0.40818947553634644,
        0.40854352712631226,
        0.42433249950408936,
        0.40658509731292725,
        0.40766972303390503,
        0.4077686667442322,
        0.4072000980377197,
        0.41072261333465576,
        0.40713950991630554,
        0.4069567024707794,
        0.4070359766483307,
        0.4066704213619232,
        0.406730979681015,
        0.4064362049102783,
        0.40640759468078613,
        0.40651318430900574,
        0.4062095582485199
    ],
    "accuracy": [
        0.6205928325653076,
        0.7996849417686462,
        0.8062924742698669,
        0.8083173036575317,
        0.8090652227401733,
        0.8096181750297546,
        0.8106723427772522,
        0.8103182911872864,
        0.8109508156776428,
        0.8113406300544739,
        0.8116867542266846,
        0.8122913837432861,
        0.812303364276886,
        0.8125658631324768,
        0.8129795789718628,
        0.8130193948745728,
        0.8133177161216736,
        0.8133336305618286,
        0.8136916756629944,
        0.8135086894035339,
        0.8143242001533508,
        0.814367949962616,
        0.8140457272529602,
        0.8146464228630066,
        0.8142565488815308,
        0.8145191073417664,
        0.8154101967811584,
        0.814367949962616,
        0.8151237964630127,
        0.8149646520614624,
        0.8159869909286499,
        0.8151595592498779,
        0.8157125115394592,
        0.8155215978622437,
        0.8155255317687988,
        0.8161898851394653,
        0.8159193992614746,
        0.816551923751831,
        0.8164763450622559,
        0.8157005906105042,
        0.8164246082305908,
        0.8169536590576172,
        0.8166354298591614,
        0.8162257075309753,
        0.8167269229888916,
        0.8163490295410156,
        0.8164206147193909,
        0.8170372247695923,
        0.8168860673904419,
        0.8167985677719116,
        0.8173554539680481,
        0.8172122836112976,
        0.8172520399093628,
        0.8167667388916016,
        0.8170093894004822
    ],
    "auc_3": [
        0.6808065176010132,
        0.877440869808197,
        0.8844776749610901,
        0.8866819143295288,
        0.8876453638076782,
        0.8884775042533875,
        0.8892669677734375,
        0.8897609114646912,
        0.8901941180229187,
        0.8905478715896606,
        0.8909361958503723,
        0.8913019895553589,
        0.8915324211120605,
        0.8917880654335022,
        0.8921666145324707,
        0.8922683000564575,
        0.8923793435096741,
        0.892617404460907,
        0.8927140235900879,
        0.8928412199020386,
        0.8930043578147888,
        0.8933208584785461,
        0.8931660652160645,
        0.8934603333473206,
        0.8936181664466858,
        0.8937832713127136,
        0.8939690589904785,
        0.8938432931900024,
        0.8942014575004578,
        0.8941274881362915,
        0.8942022323608398,
        0.8942254781723022,
        0.8945661187171936,
        0.894526481628418,
        0.8945915699005127,
        0.8949136734008789,
        0.8947635889053345,
        0.8950130939483643,
        0.895119845867157,
        0.8949851989746094,
        0.8954419493675232,
        0.8959976434707642,
        0.8954518437385559,
        0.8953405022621155,
        0.8956819176673889,
        0.8953208923339844,
        0.895703136920929,
        0.8957986831665039,
        0.8957898616790771,
        0.895962655544281,
        0.8959179520606995,
        0.8961328268051147,
        0.8962347507476807,
        0.8960751295089722,
        0.8963992595672607
    ],
    "val_loss": [
        0.48159539699554443,
        0.4399251341819763,
        0.4262338876724243,
        0.42268699407577515,
        0.42549702525138855,
        0.4270804822444916,
        0.4206225275993347,
        0.4229406714439392,
        0.41799503564834595,
        0.42679575085639954,
        0.4165574610233307,
        0.4190305173397064,
        0.4192211329936981,
        0.4174745976924896,
        0.41951271891593933,
        0.41781267523765564,
        0.4157039225101471,
        0.416761189699173,
        0.41613009572029114,
        0.4147784113883972,
        0.42470937967300415,
        0.4144848585128784,
        0.4169524312019348,
        0.41571879386901855,
        0.4136331081390381,
        0.4136025905609131,
        0.4176425039768219,
        0.4137822687625885,
        0.41427871584892273,
        0.41393595933914185,
        0.41967567801475525,
        0.41258302330970764,
        0.4162103533744812,
        0.41714781522750854,
        0.41706985235214233,
        0.41583243012428284,
        0.41301700472831726,
        0.4179554879665375,
        0.41368257999420166,
        0.41232556104660034,
        0.4136977791786194,
        0.4148549735546112,
        0.4135819375514984,
        0.41547951102256775,
        0.4114953875541687,
        0.41541722416877747,
        0.41519811749458313,
        0.42175212502479553,
        0.4145716428756714,
        0.41404426097869873,
        0.4161514937877655,
        0.4144842028617859,
        0.41557082533836365,
        0.41675496101379395,
        0.4185797870159149
    ],
    "val_accuracy": [
        0.76941978931427,
        0.8020828366279602,
        0.8062756657600403,
        0.8091158866882324,
        0.8082142472267151,
        0.8065686821937561,
        0.8099048733711243,
        0.809025764465332,
        0.811054527759552,
        0.8088679313659668,
        0.8108741641044617,
        0.8101302981376648,
        0.8110319375991821,
        0.8114602565765381,
        0.8103557229042053,
        0.8108966946601868,
        0.8111897706985474,
        0.8131508827209473,
        0.8119786977767944,
        0.8132185339927673,
        0.809792160987854,
        0.8136242628097534,
        0.8119111061096191,
        0.8125422596931458,
        0.8120914101600647,
        0.8126099109649658,
        0.8112573623657227,
        0.8136919140815735,
        0.8131734132766724,
        0.8125197291374207,
        0.810558557510376,
        0.8142328858375549,
        0.8129931092262268,
        0.8119561672210693,
        0.8141427636146545,
        0.8110770583152771,
        0.8126099109649658,
        0.8128127455711365,
        0.814300537109375,
        0.8137144446372986,
        0.8138271570205688,
        0.8136467933654785,
        0.8144132494926453,
        0.8121815919876099,
        0.8137144446372986,
        0.8137595057487488,
        0.8135792016983032,
        0.8143681287765503,
        0.813421368598938,
        0.81425541639328,
        0.8133537769317627,
        0.8147739171981812,
        0.8134439587593079,
        0.813421368598938,
        0.8148189783096313
    ],