{
    "loss": [
        0.30563250184059143,
        0.2848704159259796,
        0.2820236086845398,
        0.27987802028656006,
        0.27828559279441833,
        0.27708742022514343,
        0.276023268699646,
        0.2755615711212158,
        0.27502426505088806,
        0.27458274364471436,
        0.27447110414505005,
        0.2740575671195984,
        0.27327612042427063,
        0.27294886112213135,
        0.27318570017814636,
        0.27243661880493164,
        0.27217963337898254,
        0.2718977630138397,
        0.2730187475681305,
        0.2710750699043274,
        0.2710076570510864,
        0.270741730928421,
        0.270442396402359,
        0.2700568437576294,
        0.2700062692165375,
        0.2698121666908264,
        0.2697784900665283,
        0.2695140540599823
    ],
    "accuracy": [
        0.8737684488296509,
        0.8821930885314941,
        0.8829875588417053,
        0.8837859630584717,
        0.8843759298324585,
        0.8847063183784485,
        0.8853631019592285,
        0.8849737644195557,
        0.8852412104606628,
        0.8855322599411011,
        0.8856580853462219,
        0.8861811757087708,
        0.8861143589019775,
        0.886299192905426,
        0.8863149285316467,
        0.8860278129577637,
        0.8862480521202087,
        0.8868970274925232,
        0.8870346546173096,
        0.8871015310287476,
        0.8870189189910889,
        0.8870346546173096,
        0.8872548937797546,
        0.8873375058174133,
        0.8872470259666443,
        0.887616753578186,
        0.8876206874847412,
        0.8875302076339722
    ],
    "auc_5": [
        0.9423350691795349,
        0.9497078061103821,
        0.9507079720497131,
        0.9514610767364502,
        0.9521088600158691,
        0.9525365233421326,
        0.952897310256958,
        0.9530870914459229,
        0.9532484412193298,
        0.9533900022506714,
        0.9534510970115662,
        0.9536441564559937,
        0.9538809657096863,
        0.9540024399757385,
        0.9540250897407532,
        0.9541582465171814,
        0.9542606472969055,
        0.9543594717979431,
        0.9543682336807251,
        0.9546595811843872,
        0.954712986946106,
        0.9547532200813293,
        0.954888105392456,
        0.9550185799598694,
        0.9550681710243225,
        0.9550802707672119,
        0.9550750255584717,
        0.9551935791969299
    ],
    "val_loss": [
        0.2825342118740082,
        0.2745317220687866,
        0.2792726457118988,
        0.27119114995002747,
        0.2742995023727417,
        0.2717187702655792,
        0.27149391174316406,
        0.2736710011959076,
        0.26985663175582886,
        0.27383530139923096,
        0.2706024944782257,
        0.2732431888580322,
        0.2712758183479309,
        0.27037569880485535,
        0.2689535319805145,
        0.2717958390712738,
        0.2706761956214905,
        0.267837256193161,
        0.27071240544319153,
        0.2694084942340851,
        0.2709202170372009,
        0.2685701549053192,
        0.2690064609050751,
        0.2694765627384186,
        0.26928412914276123,
        0.26946431398391724,
        0.2701844274997711,
        0.2688939571380615
    ],
    "val_accuracy": [
        0.8808780908584595,
        0.8852462768554688,
        0.8830398917198181,
        0.886806309223175,
        0.887006938457489,
        0.8857811689376831,
        0.8870737552642822,
        0.8861823081970215,
        0.8865834474563599,
        0.8858925700187683,
        0.8877423405647278,
        0.8846890926361084,
        0.8866503238677979,
        0.8867172002792358,
        0.8874303698539734,
        0.8855805397033691,
        0.8875417709350586,
        0.8882326483726501,
        0.886873185634613,
        0.8882772326469421,
        0.8858479857444763,
        0.8877423405647278,
        0.886895477771759,
        0.8864051699638367,
        0.8873634934425354,
        0.8875640630722046,
        0.8867617845535278,
        0.8878315091133118
    ],
    "val_auc_5": [
        0.9513472318649292,
        0.9538708925247192,
        0.9539271593093872,
        0.9547805786132812,
        0.9543268084526062,
        0.9547321796417236,
        0.9550839066505432,
        0.9551641345024109,
        0.9554150700569153,
        0.9547410607337952,
        0.9551555514335632,
        0.955316424369812,
        0.9552226066589355,
        0.9550965428352356,
        0.9558301568031311,
        0.9544559121131897,
        0.9550724029541016,
        0.9559857845306396,
        0.9558565616607666,
        0.9553960561752319,
        0.9551891684532166,
        0.9557046890258789,
        0.9555665850639343,
        0.9556679725646973,
        0.9558185338973999,
        0.9554162621498108,
        0.9551268219947815,
        0.9559484720230103
    ]
}