{
    "loss": [
        0.30475783348083496,
        0.28700536489486694,
        0.28210964798927307,
        0.27983567118644714,
        0.2778150737285614,
        0.2762763500213623,
        0.27532893419265747,
        0.2745930254459381,
        0.2736145257949829,
        0.2731689214706421,
        0.2724452316761017,
        0.2723639905452728,
        0.2720057964324951,
        0.2717587947845459,
        0.2713612914085388,
        0.2707030475139618,
        0.2709055244922638,
        0.2702576518058777,
        0.2698739767074585,
        0.26996904611587524,
        0.2689531147480011,
        0.2689788043498993,
        0.26873788237571716,
        0.2683553099632263
    ],
    "accuracy": [
        0.8739650845527649,
        0.881685733795166,
        0.8827712535858154,
        0.8837859630584717,
        0.884431004524231,
        0.8849540948867798,
        0.8850327134132385,
        0.8854693174362183,
        0.8857997059822083,
        0.8863070607185364,
        0.8867790102958679,
        0.8866177797317505,
        0.8864328861236572,
        0.8866020441055298,
        0.8867239356040955,
        0.8870700597763062,
        0.8870936632156372,
        0.8871487379074097,
        0.8870071172714233,
        0.8874594569206238,
        0.8876639604568481,
        0.8876718282699585,
        0.8878133893013,
        0.8877032995223999
    ],
    "auc_2": [
        0.9423437714576721,
        0.9488758444786072,
        0.9507036209106445,
        0.9515302777290344,
        0.9522587060928345,
        0.952829122543335,
        0.9531630277633667,
        0.9534353613853455,
        0.9537454843521118,
        0.953956663608551,
        0.9541624188423157,
        0.9542198181152344,
        0.9543185234069824,
        0.9544224739074707,
        0.9545491933822632,
        0.9547334909439087,
        0.9546745419502258,
        0.954940915107727,
        0.9550504088401794,
        0.9549950957298279,
        0.9553895592689514,
        0.955350935459137,
        0.9554399251937866,
        0.9555830359458923
    ],
    "val_loss": [
        0.33192792534828186,
        0.28961706161499023,
        0.2931484282016754,
        0.2731702923774719,
        0.26946666836738586,
        0.2695254981517792,
        0.27090707421302795,
        0.2690068483352661,
        0.2687596082687378,
        0.26955926418304443,
        0.2676718831062317,
        0.2680860161781311,
        0.26619505882263184,
        0.2658831477165222,
        0.2673606276512146,
        0.27034953236579895,
        0.2673431932926178,
        0.26697224378585815,
        0.26754358410835266,
        0.26607581973075867,
        0.26833662390708923,
        0.26613324880599976,
        0.26802659034729004,
        0.2667783796787262
    ],
    "val_accuracy": [
        0.8745041489601135,
        0.8812792301177979,
        0.8768665194511414,
        0.8858925700187683,
        0.8857365846633911,
        0.8858925700187683,
        0.8867394924163818,
        0.8863605856895447,
        0.8872966170310974,
        0.8872075080871582,
        0.887987494468689,
        0.8878760933876038,
        0.8890795707702637,
        0.8881658315658569,
        0.8888790011405945,
        0.884154200553894,
        0.8878760933876038,
        0.8882326483726501,
        0.8889904022216797,
        0.8881881237030029,
        0.8893470168113708,
        0.8889458179473877,
        0.8882772326469421,
        0.8887229561805725
    ],
    "val_auc_2": [
        0.9486880302429199,
        0.9520409107208252,
        0.9505475759506226,
        0.9548439383506775,
        0.9554882049560547,
        0.955426812171936,
        0.9554411172866821,
        0.9555153846740723,
        0.95602947473526,
        0.9560682773590088,
        0.9560453295707703,
        0.9561960101127625,
        0.9564607739448547,
        0.9566045999526978,
        0.9562817215919495,
        0.9561934471130371,
        0.956500232219696,
        0.9563215970993042,
        0.9564008116722107,
        0.956550121307373,
        0.9564446210861206,
        0.9565717577934265,
        0.9558082818984985,
        0.956666111946106
    ]
}