{
    "loss": [
        0.28051862120628357,
        0.22453804314136505,
        0.21999987959861755,
        0.21775470674037933,
        0.21579919755458832,
        0.21463961899280548,
        0.21356230974197388,
        0.21336224675178528,
        0.21241186559200287,
        0.2119080275297165,
        0.21152183413505554,
        0.21111099421977997,
        0.21065129339694977,
        0.21125085651874542,
        0.20998992025852203,
        0.20923574268817902,
        0.20964710414409637,
        0.20918966829776764,
        0.20868314802646637,
        0.2085971087217331,
        0.20835527777671814,
        0.2079872041940689,
        0.20804913341999054,
        0.2076575756072998,
        0.20746132731437683,
        0.2072976976633072,
        0.20721964538097382,
        0.20682907104492188,
        0.20658446848392487,
        0.20639201998710632,
        0.20620444416999817,
        0.20624127984046936
    ],
    "accuracy": [
        0.8868227005004883,
        0.9105625748634338,
        0.9128516316413879,
        0.9131505489349365,
        0.9136736392974854,
        0.9141652584075928,
        0.9143500924110413,
        0.9145271182060242,
        0.9154670834541321,
        0.9150384068489075,
        0.9154552817344666,
        0.9153844714164734,
        0.9159075617790222,
        0.9161868095397949,
        0.9163323640823364,
        0.9163520336151123,
        0.9163874387741089,
        0.9160019755363464,
        0.9166706204414368,
        0.9168357849121094,
        0.9169695377349854,
        0.9165998101234436,
        0.9168397188186646,
        0.9170953631401062,
        0.9174847602844238,
        0.9172173142433167,
        0.917134702205658,
        0.9173903465270996,
        0.9175594449043274,
        0.9176499247550964,
        0.9179291725158691,
        0.9177482724189758
    ],
    "auc_4": [
        0.9514741897583008,
        0.9685930609703064,
        0.9698922634124756,
        0.9704993367195129,
        0.9710521101951599,
        0.9713732600212097,
        0.9716792106628418,
        0.9717363119125366,
        0.971962034702301,
        0.9721312522888184,
        0.9722481369972229,
        0.9723497629165649,
        0.9724560379981995,
        0.9725898504257202,
        0.9726372361183167,
        0.9728216528892517,
        0.9727383852005005,
        0.9728555679321289,
        0.972970187664032,
        0.9729918241500854,
        0.9730830788612366,
        0.9731627702713013,
        0.9731352925300598,
        0.973278284072876,
        0.9733033180236816,
        0.9733447432518005,
        0.973369836807251,
        0.9734716415405273,
        0.9735016226768494,
        0.9735735654830933,
        0.9736135601997375,
        0.9736088514328003
    ],
    "val_loss": [
        0.24490386247634888,
        0.21740427613258362,
        0.2171044647693634,
        0.21373620629310608,
        0.2237231284379959,
        0.21270212531089783,
        0.2095457762479782,
        0.20979894697666168,
        0.20945274829864502,
        0.2093081921339035,
        0.21124804019927979,
        0.20987336337566376,
        0.20781095325946808,
        0.2083253711462021,
        0.20790739357471466,
        0.20723691582679749,
        0.20945151150226593,
        0.20892097055912018,
        0.20917360484600067,
        0.20873922109603882,
        0.2090993970632553,
        0.20668472349643707,
        0.21109114587306976,
        0.20836777985095978,
        0.2093299776315689,
        0.20844455063343048,
        0.20884358882904053,
        0.2095346748828888,
        0.20745649933815002,
        0.210911363363266,
        0.20892378687858582,
        0.21272116899490356
    ],
    "val_accuracy": [
        0.9047714471817017,
        0.911234438419342,
        0.9125493168830872,
        0.9137750267982483,
        0.9150007963180542,
        0.9150676131248474,
        0.9148670434951782,
        0.9152682423591614,
        0.9159813523292542,
        0.9152904748916626,
        0.9155356287956238,
        0.9158922433853149,
        0.9161596298217773,
        0.9160036444664001,
        0.915825366973877,
        0.9161151051521301,
        0.9149116277694702,
        0.9164716601371765,
        0.9154465198516846,
        0.9163824915885925,
        0.9151790738105774,
        0.9173631072044373,
        0.9158922433853149,
        0.9167391061782837,
        0.9156025052070618,
        0.9150007963180542,
        0.9159367680549622,
        0.9162265062332153,
        0.9161151051521301,
        0.9149339199066162,
        0.9164047837257385,
        0.9155133366584778
    ],
    "val_auc_4": [
        0.9693366289138794,
        0.9711045622825623,
        0.9721965193748474,
        0.9721393585205078,
        0.9719516634941101,
        0.972260057926178,
        0.9729136228561401,
        0.9726922512054443,
        0.9730013012886047,
        0.9730352163314819,
        0.9730204343795776,
        0.9731058478355408,
        0.9732295870780945,
        0.9731637835502625,
        0.9734120965003967,
        0.9733745455741882,
        0.9727702140808105,
        0.9732199311256409,
        0.9729849696159363,
        0.9732142090797424,
        0.9731183052062988,
        0.9734503626823425,
        0.9731309413909912,
        0.9733456373214722,
        0.9730472564697266,
        0.9731839895248413,
        0.9732245206832886,
        0.9728831052780151,
        0.9734323620796204,
        0.97348552942276,
        0.9730798602104187,
        0.9730628728866577
    ]
}