{
    "loss": [
        0.26882731914520264,
        0.22737450897693634,
        0.22173987329006195,
        0.2193319946527481,
        0.21675051748752594,
        0.21531939506530762,
        0.21438974142074585,
        0.21335668861865997,
        0.2123015820980072,
        0.2120416909456253,
        0.21083030104637146,
        0.21037165820598602,
        0.2098240852355957,
        0.20953768491744995,
        0.20925693213939667,
        0.20845913887023926,
        0.20808713138103485,
        0.20770707726478577,
        0.20761573314666748,
        0.20703670382499695,
        0.20691007375717163,
        0.20631201565265656,
        0.20613907277584076,
        0.205657497048378,
        0.20548757910728455,
        0.20494444668293,
        0.20473864674568176,
        0.20432482659816742,
        0.20395508408546448,
        0.20408619940280914,
        0.20348232984542847,
        0.20295006036758423,
        0.20246176421642303,
        0.20248807966709137,
        0.2021554708480835,
        0.20145443081855774,
        0.20106010138988495,
        0.20081283152103424,
        0.20042963325977325
    ],
    "accuracy": [
        0.8917311429977417,
        0.9096933603286743,
        0.9121869206428528,
        0.9131702184677124,
        0.9134572744369507,
        0.9140472412109375,
        0.9148967862129211,
        0.914959728717804,
        0.915510356426239,
        0.9152940511703491,
        0.916104257106781,
        0.9160452485084534,
        0.9163599014282227,
        0.9161081910133362,
        0.9164896607398987,
        0.9172409176826477,
        0.9167295694351196,
        0.9171307682991028,
        0.9174454212188721,
        0.917288064956665,
        0.9176538586616516,
        0.9176971316337585,
        0.9174336194992065,
        0.917948842048645,
        0.9178465604782104,
        0.9179095029830933,
        0.9184129238128662,
        0.9185781478881836,
        0.9186174273490906,
        0.9184916019439697,
        0.9185702800750732,
        0.9189714193344116,
        0.9188927412033081,
        0.9190225601196289,
        0.9188966751098633,
        0.919640064239502,
        0.9198445677757263,
        0.9198681712150574,
        0.9199939966201782
    ],
    "auc_3": [
        0.9552160501480103,
        0.9678658246994019,
        0.9693666100502014,
        0.97007817029953,
        0.9708107113838196,
        0.971164882183075,
        0.9714345932006836,
        0.9717195630073547,
        0.9720034599304199,
        0.9721018075942993,
        0.9723967909812927,
        0.9725056886672974,
        0.9726653695106506,
        0.9727447628974915,
        0.972846508026123,
        0.9730340838432312,
        0.9731442332267761,
        0.9732239842414856,
        0.9732256531715393,
        0.9733873009681702,
        0.9734011292457581,
        0.9735867381095886,
        0.9736398458480835,
        0.9737797379493713,
        0.9738556742668152,
        0.9739595055580139,
        0.9740133881568909,
        0.9740948677062988,
        0.9741939306259155,
        0.9741883873939514,
        0.9743180274963379,
        0.9744430780410767,
        0.9746097922325134,
        0.9745738506317139,
        0.9746878743171692,
        0.9748449325561523,
        0.9749345779418945,
        0.9750110507011414,
        0.9751121997833252
    ],
    "val_loss": [
        0.24391205608844757,
        0.217055082321167,
        0.2287101000547409,
        0.2176232486963272,
        0.21150124073028564,
        0.20951956510543823,
        0.22509057819843292,
        0.20809057354927063,
        0.21216730773448944,
        0.20767539739608765,
        0.20796793699264526,
        0.2114364355802536,
        0.20904196798801422,
        0.2072620540857315,
        0.2074296623468399,
        0.20694118738174438,
        0.20818710327148438,
        0.20876029133796692,
        0.20933309197425842,
        0.20843563973903656,
        0.2100760042667389,
        0.20627367496490479,
        0.21402719616889954,
        0.20567035675048828,
        0.2062375396490097,
        0.20620359480381012,
        0.20789915323257446,
        0.20647989213466644,
        0.20545628666877747,
        0.20934370160102844,
        0.20578859746456146,
        0.20561355352401733,
        0.20805658400058746,
        0.20819136500358582,
        0.20958146452903748,
        0.20673885941505432,
        0.2104678750038147,
        0.2072339802980423,
        0.20668669044971466
    ],
    "val_accuracy": [
        0.9016513824462891,
        0.9133293032646179,
        0.9103429913520813,
        0.9125716090202332,
        0.9151121973991394,
        0.9150230884552002,
        0.914711058139801,
        0.915758490562439,
        0.9156247973442078,
        0.9166053533554077,
        0.9153350591659546,
        0.914621889591217,
        0.915758490562439,
        0.9164939522743225,
        0.9155802130699158,
        0.9163602590560913,
        0.9162265062332153,
        0.9175636768341064,
        0.9162042140960693,
        0.9156693816184998,
        0.9145550727844238,
        0.9174522757530212,
        0.9127721786499023,
        0.9180316925048828,
        0.9174745678901672,
        0.9170288443565369,
        0.9163602590560913,
        0.9171625375747681,
        0.917251706123352,
        0.9152904748916626,
        0.9168505072593689,
        0.9177419543266296,
        0.917229413986206,
        0.9163156747817993,
        0.9173185229301453,
        0.9169619679450989,
        0.9168059825897217,
        0.9159813523292542,
        0.9168282151222229
    ],
    "val_auc_3": [
        0.9694762229919434,
        0.9707333445549011,
        0.9701128602027893,
        0.9718334674835205,
        0.9723341464996338,
        0.9728648662567139,
        0.9723607897758484,
        0.9731791615486145,
        0.972669243812561,
        0.9732895493507385,
        0.9732006788253784,
        0.9730144739151001,
        0.9731348156929016,
        0.9734334349632263,
        0.9733061194419861,
        0.9734542369842529,
        0.9731931090354919,
        0.9739611148834229,
        0.9731029868125916,
        0.973361074924469,
        0.9731535911560059,
        0.9737624526023865,
        0.9725781083106995,
        0.9736747145652771,
        0.9739115238189697,
        0.9738816022872925,
        0.9732237458229065,
        0.973699152469635,
        0.9738813638687134,
        0.9728161096572876,
        0.973831832408905,
        0.9738674759864807,
        0.9735047817230225,
        0.9735056161880493,
        0.9732565879821777,
        0.9734960198402405,
        0.973186731338501,
        0.9735612869262695,
        0.9735102653503418
    ]
}