{
    "accuracy": [
        0.8618636131286621,
        0.8693128228187561,
        0.8733205795288086,
        0.8754286766052246,
        0.8765850067138672,
        0.8769862055778503,
        0.8776233196258545,
        0.8781542778015137,
        0.8785476088523865,
        0.8804079294204712,
        0.8812535405158997,
        0.8815367221832275,
        0.8814029693603516,
        0.8817136883735657,
        0.8822092413902283,
        0.8823783993721008,
        0.8825907707214355,
        0.8821345567703247,
        0.8827480673789978,
        0.883082389831543,
        0.8835818767547607,
        0.8837628364562988,
        0.8836920261383057,
        0.8838689923286438,
        0.8839948773384094,
        0.8842662572860718,
        0.8841679096221924,
        0.8843528032302856,
        0.8843213319778442,
        0.8846673965454102,
        0.8851000666618347,
        0.8849584460258484,
        0.8851630091667175,
        0.8850764632225037,
        0.8852849006652832,
        0.8852376937866211,
        0.8851433396339417,
        0.885611355304718,
        0.8851983547210693,
        0.8856821656227112,
        0.8857883214950562,
        0.8858394622802734,
        0.8858945369720459,
        0.88587486743927,
        0.8861069083213806,
        0.8855562806129456,
        0.8859653472900391,
        0.8856428265571594,
        0.8860046863555908,
        0.8860282301902771
    ],
    "auc": [
        0.9310098886489868,
        0.9406271576881409,
        0.943483293056488,
        0.945207417011261,
        0.9463195204734802,
        0.9467784762382507,
        0.9476556777954102,
        0.9482336044311523,
        0.9485732316970825,
        0.9495198130607605,
        0.9506579041481018,
        0.9508032202720642,
        0.950892984867096,
        0.9511001110076904,
        0.9514657855033875,
        0.9514535069465637,
        0.9515950083732605,
        0.9515083432197571,
        0.9518096446990967,
        0.9524035453796387,
        0.9528214931488037,
        0.9530184268951416,
        0.9529500007629395,
        0.9531300663948059,
        0.9531461000442505,
        0.9532015323638916,
        0.9532167315483093,
        0.9533206820487976,
        0.9532844424247742,
        0.9535863995552063,
        0.9539728164672852,
        0.9540040493011475,
        0.9540368914604187,
        0.9539819359779358,
        0.9540632963180542,
        0.9541190266609192,
        0.9541075825691223,
        0.9541739225387573,
        0.9541791677474976,
        0.9543946385383606,
        0.9545305371284485,
        0.9545224905014038,
        0.9545534253120422,
        0.9545543193817139,
        0.9545648097991943,
        0.9545638561248779,
        0.9546394944190979,
        0.9545784592628479,
        0.95466548204422,
        0.9546990394592285
    ],
    "loss": [
        0.33514711260795593,
        0.31137070059776306,
        0.3037635087966919,
        0.2991136908531189,
        0.29610782861709595,
        0.294891357421875,
        0.29241836071014404,
        0.2909207046031952,
        0.28993481397628784,
        0.28728538751602173,
        0.2840844690799713,
        0.2836664319038391,
        0.2834313213825226,
        0.2828180491924286,
        0.28173941373825073,
        0.28180015087127686,
        0.28137415647506714,
        0.281695693731308,
        0.28082552552223206,
        0.2791024148464203,
        0.2778876721858978,
        0.2773306667804718,
        0.27746614813804626,
        0.27698814868927,
        0.2769361734390259,
        0.27680256962776184,
        0.2767546474933624,
        0.27640703320503235,
        0.27649709582328796,
        0.27566877007484436,
        0.2745387852191925,
        0.2744508981704712,
        0.2743726670742035,
        0.27451667189598083,
        0.27422937750816345,
        0.2741086781024933,
        0.2740928828716278,
        0.2739419937133789,
        0.2739239037036896,
        0.27326682209968567,
        0.27292731404304504,
        0.2729072570800781,
        0.2728438377380371,
        0.27280446887016296,
        0.27277761697769165,
        0.27278023958206177,
        0.2725902795791626,
        0.27275383472442627,
        0.2724607288837433,
        0.27239158749580383
    ],
    "val_accuracy": [
        0.8686679601669312,
        0.8688685297966003,
        0.8770698308944702,
        0.878005862236023,
        0.880368173122406,
        0.8783401250839233,
        0.8806133270263672,
        0.8817276358604431,
        0.8813264966011047,
        0.8825522065162659,
        0.8822847604751587,
        0.8829533457756042,
        0.8821733593940735,
        0.8829310536384583,
        0.8794767260551453,
        0.8832430839538574,
        0.8806356191635132,
        0.8801676034927368,
        0.8842459321022034,
        0.8830202221870422,
        0.8840676546096802,
        0.8843128085136414,
        0.8846025466918945,
        0.8825967907905579,
        0.8848254084587097,
        0.8848477005958557,
        0.8849145174026489,
        0.8850259780883789,
        0.8849813938140869,
        0.8856722712516785,
        0.8852488398551941,
        0.8833990693092346,
        0.8849368095397949,
        0.8853379487991333,
        0.8850036859512329,
        0.8853602409362793,
        0.8854939937591553,
        0.8855831027030945,
        0.8851596713066101,
        0.8857613801956177,
        0.8856276869773865,
        0.8849591016769409,
        0.8848477005958557,
        0.883956253528595,
        0.8856053948402405,
        0.8847585320472717,
        0.8857613801956177,
        0.8855608105659485,
        0.8858951330184937,
        0.8858505487442017
    ],
    "val_auc": [
        0.9421349167823792,
        0.9417194724082947,
        0.947886049747467,
        0.948035717010498,
        0.950730562210083,
        0.9491374492645264,
        0.9513867497444153,
        0.9518629312515259,
        0.9517249464988708,
        0.9524510502815247,
        0.952582836151123,
        0.9530102014541626,
        0.9528375864028931,
        0.953003466129303,
        0.9508338570594788,
        0.9532750248908997,
        0.9521670341491699,
        0.9509843587875366,
        0.9535900950431824,
        0.9536558985710144,
        0.9539729952812195,
        0.9540454149246216,
        0.9542112946510315,
        0.9533974528312683,
        0.954004168510437,
        0.9542912840843201,
        0.9542112946510315,
        0.9542225003242493,
        0.9543855786323547,
        0.954467236995697,
        0.9544108510017395,
        0.9538341164588928,
        0.9542405605316162,
        0.9543946385383606,
        0.9545478224754333,
        0.9545609354972839,
        0.9543159604072571,
        0.9545189738273621,
        0.9544963836669922,
        0.9546202421188354,
        0.9543377161026001,
        0.9546153545379639,
        0.9545904994010925,
        0.9541228413581848,
        0.9547170996665955,
        0.954572319984436,
        0.9544222950935364,
        0.9546932578086853,
        0.954713761806488,
        0.9546864628791809
    ],