{
    "accuracy": [
        0.6905867457389832,
        0.7284817099571228,
        0.7435426115989685,
        0.7545260190963745,
        0.7601470351219177,
        0.7637670636177063,
        0.7650599479675293,
        0.7675819993019104,
        0.7696545720100403,
        0.7714486718177795,
        0.7727097272872925,
        0.773374080657959,
        0.7739111185073853,
        0.7764649987220764,
        0.7758484482765198,
        0.7773919105529785,
        0.7770378589630127,
        0.7791900038719177,
        0.7782909274101257,
        0.7791382670402527,
        0.7795042395591736,
        0.7803157567977905,
        0.7815052270889282,
        0.780964195728302,
        0.7816404700279236,
        0.7818314433097839,
        0.7815052270889282,
        0.78220534324646,
        0.7829532027244568,
        0.7830924391746521,
        0.7845285534858704,
        0.783927857875824,
        0.7835379838943481,
        0.7846001386642456,
        0.7849820256233215,
        0.7846637964248657,
        0.7858452796936035,
        0.7848109602928162,
        0.7856185436248779,
        0.7858532071113586,
        0.7865175604820251,
        0.786453902721405,
        0.7860004305839539,
        0.78644198179245,
        0.7870426774024963,
        0.7867164611816406,
        0.7866886258125305,
        0.7877388596534729,
        0.7874086499214172,
        0.7878342866897583
    ],
    "auc": [
        0.7492790222167969,
        0.7932583689689636,
        0.8165561556816101,
        0.8284119367599487,
        0.8355867862701416,
        0.8395306468009949,
        0.8420551419258118,
        0.8438615798950195,
        0.8458536863327026,
        0.8472895622253418,
        0.8489365577697754,
        0.8498929142951965,
        0.8505399823188782,
        0.851543128490448,
        0.8525264263153076,
        0.8532585501670837,
        0.8535614609718323,
        0.8547681570053101,
        0.8545411825180054,
        0.8553735017776489,
        0.8559109568595886,
        0.8564085960388184,
        0.8571571707725525,
        0.8571478724479675,
        0.8572816252708435,
        0.8579190373420715,
        0.8576998710632324,
        0.85871422290802,
        0.8588775992393494,
        0.8591679334640503,
        0.8601469993591309,
        0.8596236109733582,
        0.8601714372634888,
        0.86006098985672,
        0.8603335022926331,
        0.8601546883583069,
        0.8609110713005066,
        0.8606548309326172,
        0.8616561889648438,
        0.8613691926002502,
        0.8617249131202698,
        0.8622433543205261,
        0.862115740776062,
        0.8625516295433044,
        0.8626347780227661,
        0.8626077175140381,
        0.8626847267150879,
        0.8631763458251953,
        0.8626079559326172,
        0.8637499213218689
    ],
    "loss": [
        0.5940691232681274,
        0.5521218180656433,
        0.5260763764381409,
        0.51140296459198,
        0.5022324919700623,
        0.49688005447387695,
        0.4935140907764435,
        0.49111077189445496,
        0.4882151484489441,
        0.486374169588089,
        0.48412734270095825,
        0.48269209265708923,
        0.48177430033683777,
        0.48032188415527344,
        0.4789712727069855,
        0.4779227077960968,
        0.47749102115631104,
        0.47577014565467834,
        0.4762580990791321,
        0.47482559084892273,
        0.4740500748157501,
        0.473300963640213,
        0.4723016619682312,
        0.4722287654876709,
        0.47213175892829895,
        0.4711727201938629,
        0.47144821286201477,
        0.46990588307380676,
        0.469708114862442,
        0.469242662191391,
        0.46764442324638367,
        0.4687105119228363,
        0.46785664558410645,
        0.4679448902606964,
        0.4675266146659851,
        0.4679012894630432,
        0.4666701853275299,
        0.46714699268341064,
        0.4655378758907318,
        0.46596238017082214,
        0.46542152762413025,
        0.46467116475105286,
        0.46484577655792236,
        0.46425485610961914,
        0.4640282392501831,
        0.46408170461654663,
        0.4640073776245117,
        0.463234007358551,
        0.46414655447006226,
        0.46231546998023987
    ],
    "val_accuracy": [
        0.7302871942520142,
        0.7445335984230042,
        0.7430683970451355,
        0.7653171420097351,
        0.7675037384033203,
        0.7736801505088806,
        0.7617104649543762,
        0.7647310495376587,
        0.7700058817863464,
        0.7558721303939819,
        0.7764077186584473,
        0.7740182876586914,
        0.7654975056648254,
        0.7671881318092346,
        0.7805554270744324,
        0.7843424677848816,
        0.7674135565757751,
        0.7846806049346924,
        0.7410846948623657,
        0.782899796962738,
        0.7809611558914185,
        0.7840719819068909,
        0.7871150970458984,
        0.7870023846626282,
        0.7813894748687744,
        0.7825841903686523,
        0.7810964584350586,
        0.786078155040741,
        0.7825165390968323,
        0.7851990461349487,
        0.756751298904419,
        0.7873179912567139,
        0.7868671417236328,
        0.7813894748687744,
        0.784500241279602,
        0.7859429121017456,
        0.7871601581573486,
        0.7884675860404968,
        0.7889184355735779,
        0.7838014364242554,
        0.7798566222190857,
        0.786145806312561,
        0.7874982953071594,
        0.7884450554847717,
        0.7886930108070374,
        0.7864614129066467,
        0.7899779081344604,
        0.7886930108070374,
        0.7908796072006226,
        0.7825616598129272
    ],
    "val_auc": [
        0.8002914190292358,
        0.8216740489006042,
        0.8167093992233276,
        0.8421995639801025,
        0.8487579822540283,
        0.852202296257019,
        0.8398149609565735,
        0.8463234305381775,
        0.8473109006881714,
        0.8356720805168152,
        0.8549902439117432,
        0.8534612655639648,
        0.8439859747886658,
        0.8452663421630859,
        0.8588269948959351,
        0.8614766597747803,
        0.8467418551445007,
        0.8608675599098206,
        0.8216078281402588,
        0.8596131205558777,
        0.8607404232025146,
        0.8590186834335327,
        0.8655204176902771,
        0.864559531211853,
        0.8591808080673218,
        0.8612455129623413,
        0.8570535182952881,
        0.8653847575187683,
        0.86052405834198,
        0.8632656931877136,
        0.835548996925354,
        0.8660700917243958,
        0.8659270405769348,
        0.8564499616622925,
        0.862311065196991,
        0.8631508350372314,
        0.8649617433547974,
        0.8663126826286316,
        0.866228461265564,
        0.8610820174217224,
        0.85500168800354,
        0.8633541464805603,
        0.8665106296539307,
        0.866743803024292,
        0.867763876914978,
        0.863997220993042,
        0.867971658706665,
        0.8654259443283081,
        0.8670885562896729,
        0.8592962622642517
    ],