{
    "accuracy": [
        0.7278969287872314,
        0.8035157918930054,
        0.8079115748405457,
        0.8079035878181458,
        0.8102148771286011,
        0.8108035922050476,
        0.8105689287185669,
        0.8118816614151001,
        0.8115395307540894,
        0.8121482133865356,
        0.8124067783355713,
        0.8129119873046875,
        0.8130671381950378,
        0.8132421374320984,
        0.813536524772644,
        0.8137632608413696,
        0.8136678338050842,
        0.8144713640213013,
        0.8141451478004456,
        0.8141889572143555,
        0.8144832849502563,
        0.8140695691108704,
        0.8148373365402222,
        0.8152510523796082,
        0.8146345019340515,
        0.814777672290802,
        0.8149567246437073,
        0.8151237964630127,
        0.8157801628112793,
        0.8154181241989136,
        0.815640926361084,
        0.8155971765518188,
        0.8156488537788391,
        0.8159949779510498,
        0.8159989714622498,
        0.8164445161819458
    ],
    "auc": [
        0.8161795139312744,
        0.8823080062866211,
        0.8856763243675232,
        0.8872777223587036,
        0.8882836103439331,
        0.8888223767280579,
        0.8894796371459961,
        0.890204131603241,
        0.890393853187561,
        0.8909642696380615,
        0.8911142945289612,
        0.8913255929946899,
        0.8918070793151855,
        0.8921971917152405,
        0.8925002813339233,
        0.8926133513450623,
        0.8928521275520325,
        0.8929588794708252,
        0.8931303024291992,
        0.8932018280029297,
        0.8934915065765381,
        0.893610417842865,
        0.893362283706665,
        0.8938448429107666,
        0.8938114643096924,
        0.8937870264053345,
        0.8942291736602783,
        0.8943242430686951,
        0.8946097493171692,
        0.8946268558502197,
        0.8948872685432434,
        0.8947540521621704,
        0.8949072957038879,
        0.8950660824775696,
        0.8948796987533569,
        0.8952769041061401
    ],
    "loss": [
        0.5185893774032593,
        0.4313800632953644,
        0.42578619718551636,
        0.4228438436985016,
        0.4210309684276581,
        0.41993874311447144,
        0.41875597834587097,
        0.4174020290374756,
        0.41713181138038635,
        0.41609030961990356,
        0.4157463312149048,
        0.4153934419155121,
        0.41448527574539185,
        0.413768470287323,
        0.41317203640937805,
        0.4129687547683716,
        0.41252201795578003,
        0.4123944342136383,
        0.41191089153289795,
        0.4118494689464569,
        0.4113622009754181,
        0.41103896498680115,
        0.4114678204059601,
        0.4107358157634735,
        0.4106639623641968,
        0.4107978940010071,
        0.40989449620246887,
        0.40974852442741394,
        0.4092414975166321,
        0.40922290086746216,
        0.40869593620300293,
        0.4089798927307129,
        0.4086000621318817,
        0.40838107466697693,
        0.4087761640548706,
        0.4078727662563324
    ],
    "val_accuracy": [
        0.8006176352500916,
        0.803255021572113,
        0.8064334392547607,
        0.80203777551651,
        0.7966277599334717,
        0.8093187808990479,
        0.8104684352874756,
        0.8092285990715027,
        0.8104909658432007,
        0.8100852370262146,
        0.8101077675819397,
        0.8090031743049622,
        0.8114827871322632,
        0.8110995888710022,
        0.8136919140815735,
        0.8124746680259705,
        0.813849687576294,
        0.8115504384040833,
        0.8126324415206909,
        0.8133988380432129,
        0.8139623999595642,
        0.8136467933654785,
        0.8141878247261047,
        0.8115954995155334,
        0.8131058216094971,
        0.8132410645484924,
        0.8119786977767944,
        0.8140300512313843,
        0.812654972076416,
        0.8128353357315063,
        0.8126099109649658,
        0.813917338848114,
        0.8143681287765503,
        0.8109418153762817,
        0.8126324415206909,
        0.8117983937263489
    ],
    "val_auc": [
        0.8832942843437195,
        0.8863873481750488,
        0.8857583403587341,
        0.8852333426475525,
        0.8829807043075562,
        0.8891783356666565,
        0.8897590637207031,
        0.8891313672065735,
        0.8908697366714478,
        0.89096999168396,
        0.8907521367073059,
        0.8913711905479431,
        0.891529381275177,
        0.8902217149734497,
        0.8919930458068848,
        0.8908873200416565,
        0.8912011384963989,
        0.8919885754585266,
        0.892451822757721,
        0.8916439414024353,
        0.8913280367851257,
        0.8922573328018188,
        0.8927748203277588,
        0.8917726874351501,
        0.8922499418258667,
        0.8932147026062012,
        0.8928455710411072,
        0.8928828835487366,
        0.893018364906311,
        0.8926007151603699,
        0.8930721282958984,
        0.8924020528793335,
        0.8926427960395813,
        0.8927649259567261,
        0.8918161392211914,
        0.8913565874099731
    ],
    "val_loss": [
        0.4353884756565094,
        0.43658608198165894,
        0.43525657057762146,
        0.4327627420425415,
        0.4529103636741638,
        0.42049121856689453,
        0.41795092821121216,
        0.4196259677410126,
        0.4167170226573944,
        0.42176443338394165,
        0.41837573051452637,
        0.4197158217430115,
        0.4169110357761383,
        0.41910213232040405,
        0.4138718247413635,
        0.4167574346065521,
        0.41730818152427673,
        0.41447705030441284,
        0.41389888525009155,
        0.41471028327941895,
        0.4164324700832367,
        0.41461703181266785,
        0.413259357213974,
        0.4166887104511261,
        0.4136948883533478,
        0.41199713945388794,
        0.41550371050834656,
        0.41335758566856384,
        0.41530871391296387,
        0.4131518602371216,
        0.4132615029811859,
        0.4154636263847351,
        0.4143129587173462,
        0.4162611961364746,
        0.41497567296028137,
        0.4154287576675415
    ]
}