{
    "accuracy": [
        0.8905788064002991,
        0.9103895425796509,
        0.9118211269378662,
        0.9133039116859436,
        0.9140944480895996,
        0.9144720435142517,
        0.9141809940338135,
        0.9149911999702454,
        0.9154120087623596,
        0.9153923392295837,
        0.9157463312149048,
        0.9158014059066772,
        0.9160570502281189,
        0.9161121249198914,
        0.9168357849121094,
        0.916344165802002,
        0.9164267778396606,
        0.9167885780334473,
        0.916631281375885,
        0.9172487854957581,
        0.9168790578842163,
        0.9169656038284302,
        0.9169774055480957,
        0.9172959327697754,
        0.9175712466239929,
        0.9175240993499756,
        0.9182162880897522,
        0.9176656603813171,
        0.9177286028862
    ],
    "auc": [
        0.9541407227516174,
        0.9679657816886902,
        0.9695435166358948,
        0.9703986048698425,
        0.9710063934326172,
        0.9711535573005676,
        0.971505880355835,
        0.9717570543289185,
        0.9719060063362122,
        0.9721243381500244,
        0.9722370505332947,
        0.9723976850509644,
        0.9725072979927063,
        0.9725998044013977,
        0.9727393984794617,
        0.9728076457977295,
        0.9729634523391724,
        0.9730308651924133,
        0.9731245040893555,
        0.9733325839042664,
        0.9732756614685059,
        0.9733656048774719,
        0.9733607172966003,
        0.9734592437744141,
        0.9736098051071167,
        0.9736823439598083,
        0.9737580418586731,
        0.9737294316291809,
        0.9738989472389221
    ],
    "loss": [
        0.27177828550338745,
        0.22664490342140198,
        0.22122201323509216,
        0.21835224330425262,
        0.21605035662651062,
        0.21537667512893677,
        0.21421146392822266,
        0.213291198015213,
        0.2126760333776474,
        0.2119619995355606,
        0.21139337122440338,
        0.21088974177837372,
        0.21041594445705414,
        0.21011248230934143,
        0.20950210094451904,
        0.20927204191684723,
        0.20874452590942383,
        0.20840060710906982,
        0.2081100344657898,
        0.20740512013435364,
        0.20762132108211517,
        0.20723941922187805,
        0.20718279480934143,
        0.2067989706993103,
        0.2062751054763794,
        0.20603029429912567,
        0.20559380948543549,
        0.20577116310596466,
        0.2052782028913498
    ],
    "val_accuracy": [
        0.9088943600654602,
        0.9144436120986938,
        0.9138641953468323,
        0.9128390550613403,
        0.9141539335250854,
        0.9154911041259766,
        0.9152013659477234,
        0.9154019355773926,
        0.9160036444664001,
        0.9166945219039917,
        0.9160259366035461,
        0.9167613983154297,
        0.9168950915336609,
        0.9161373972892761,
        0.9166722297668457,
        0.9167391061782837,
        0.915758490562439,
        0.9163824915885925,
        0.9175636768341064,
        0.9171848297119141,
        0.9172962307929993,
        0.9166276454925537,
        0.9153350591659546,
        0.9170956611633301,
        0.9174076914787292,
        0.9170065522193909,
        0.9169173836708069,
        0.9171848297119141,
        0.9156916737556458
    ],
    "val_auc": [
        0.9695029258728027,
        0.972144603729248,
        0.971825361251831,
        0.971267580986023,
        0.9725381731987,
        0.97257000207901,
        0.9730722308158875,
        0.9727501273155212,
        0.9727177619934082,
        0.9736132621765137,
        0.9733600616455078,
        0.973057210445404,
        0.973284900188446,
        0.9729582667350769,
        0.9735735654830933,
        0.9736520648002625,
        0.9734534621238708,
        0.9734135270118713,
        0.9739420413970947,
        0.9734960198402405,
        0.9739621877670288,
        0.9737798571586609,
        0.973385214805603,
        0.973685622215271,
        0.973539412021637,
        0.9736205339431763,
        0.9736820459365845,
        0.9735492467880249,
        0.9735385775566101
    ],
    "val_loss": [
        0.230926051735878,
        0.21185240149497986,
        0.21589620411396027,
        0.21801503002643585,
        0.21300560235977173,
        0.21128641068935394,
        0.2107313573360443,
        0.20938847959041595,
        0.21096967160701752,
        0.20725572109222412,
        0.2073666900396347,
        0.20864860713481903,
        0.20779180526733398,
        0.210065096616745,
        0.20764422416687012,
        0.20867031812667847,
        0.20732106268405914,
        0.2073904573917389,
        0.2049570381641388,
        0.20725922286510468,
        0.20516128838062286,
        0.20686936378479004,
        0.2081298679113388,
        0.20713499188423157,
        0.2069682478904724,
        0.20625481009483337,
        0.20688608288764954,
        0.2068757265806198,
        0.2071087509393692
    ]
}