{
    "accuracy": [
        0.8483721017837524,
        0.8653512001037598,
        0.8701613545417786,
        0.8723363280296326,
        0.8741495013237,
        0.8761356472969055,
        0.8771622180938721,
        0.8780432343482971,
        0.8785269856452942,
        0.8783578872680664,
        0.8793686628341675,
        0.8800137042999268,
        0.8803951740264893,
        0.8803204894065857,
        0.880698025226593,
        0.8807530999183655,
        0.8811661005020142,
        0.8815082311630249,
        0.8819645047187805,
        0.8818936944007874,
        0.8823735117912292,
        0.8822712898254395,
        0.8823263645172119,
        0.8831247687339783,
        0.8826606273651123,
        0.8832387924194336,
        0.8831758499145508,
        0.8834433555603027,
        0.8835849165916443,
        0.8839939832687378,
        0.883667528629303,
        0.8836989998817444,
        0.8838326930999756,
        0.8844383955001831,
        0.8840962052345276,
        0.8841434121131897,
        0.8844423294067383,
        0.884745180606842,
        0.884788453578949,
        0.8842535614967346,
        0.8845210075378418,
        0.8846035599708557,
        0.8849614858627319,
        0.8853626847267151,
        0.8852879405021667,
        0.8850244283676147,
        0.8851856589317322,
        0.8852525353431702,
        0.8853980898857117,
        0.8857244849205017,
        0.8854413032531738,
        0.8855475187301636,
        0.8857126832008362,
        0.8859054446220398,
        0.8863813281059265,
        0.8857559561729431,
        0.8861020803451538,
        0.8856537342071533,
        0.8861846923828125,
        0.8855239152908325,
        0.8862712383270264,
        0.8864009976387024,
        0.8864560723304749,
        0.8865858316421509,
        0.8864718079566956,
        0.8865308165550232,
        0.8857402205467224,
        0.8864442706108093,
        0.8865858316421509
    ],
    "auc": [
        0.9179949164390564,
        0.9327872395515442,
        0.9369130730628967,
        0.9392831325531006,
        0.9410394430160522,
        0.9427744746208191,
        0.9438802003860474,
        0.9449172019958496,
        0.9454960227012634,
        0.9461668133735657,
        0.9466081261634827,
        0.9474387168884277,
        0.9477527141571045,
        0.9479985237121582,
        0.9485383033752441,
        0.9485342502593994,
        0.9489205479621887,
        0.9493291974067688,
        0.9494751691818237,
        0.9497696757316589,
        0.9499162435531616,
        0.9500393271446228,
        0.9501283168792725,
        0.9505999684333801,
        0.9505537152290344,
        0.9506987929344177,
        0.9508926272392273,
        0.9510663151741028,
        0.9512009620666504,
        0.9513606429100037,
        0.9511813521385193,
        0.9515566825866699,
        0.951582670211792,
        0.9515933394432068,
        0.951927661895752,
        0.9519320726394653,
        0.9519696831703186,
        0.9520700573921204,
        0.9521391987800598,
        0.9521927833557129,
        0.9524586796760559,
        0.9522973299026489,
        0.9525253772735596,
        0.9525729417800903,
        0.9525638222694397,
        0.9526859521865845,
        0.9527368545532227,
        0.9527019262313843,
        0.9527558088302612,
        0.952907145023346,
        0.9531000852584839,
        0.9529464244842529,
        0.9530079960823059,
        0.9532873630523682,
        0.9531439542770386,
        0.9532456994056702,
        0.9534518718719482,
        0.95341956615448,
        0.9534825086593628,
        0.9534953832626343,
        0.9536470174789429,
        0.9535922408103943,
        0.9535538554191589,
        0.9536609053611755,
        0.9536696076393127,
        0.9537832140922546,
        0.9535687565803528,
        0.9538435935974121,
        0.9538893699645996
    ],
    "loss": [
        0.3626819849014282,
        0.3293624520301819,
        0.31960102915763855,
        0.3138798475265503,
        0.3094276785850525,
        0.3049865663051605,
        0.30228960514068604,
        0.2996528148651123,
        0.29818812012672424,
        0.2964799106121063,
        0.2952718436717987,
        0.2929229736328125,
        0.29215008020401,
        0.2915143668651581,
        0.29009631276130676,
        0.290099173784256,
        0.2889712452888489,
        0.2878272831439972,
        0.2875264286994934,
        0.2867395579814911,
        0.2863200008869171,
        0.2858777642250061,
        0.2856050133705139,
        0.28433355689048767,
        0.28447777032852173,
        0.2840951979160309,
        0.2834312915802002,
        0.2829391658306122,
        0.2826615571975708,
        0.28209519386291504,
        0.28258979320526123,
        0.2816384434700012,
        0.2815493941307068,
        0.2813776135444641,
        0.28058692812919617,
        0.28058600425720215,
        0.280422180891037,
        0.28018778562545776,
        0.27996590733528137,
        0.2798914611339569,
        0.2790469527244568,
        0.2795015275478363,
        0.2788643538951874,
        0.27875491976737976,
        0.27869245409965515,
        0.27825430035591125,
        0.27825599908828735,
        0.2782214879989624,
        0.27812477946281433,
        0.27770552039146423,
        0.2772979736328125,
        0.27756261825561523,
        0.27740195393562317,
        0.27661582827568054,
        0.2770596444606781,
        0.27668851613998413,
        0.2761264443397522,
        0.2762182652950287,
        0.27607303857803345,
        0.27611061930656433,
        0.27554556727409363,
        0.2757095992565155,
        0.2758503556251526,
        0.2755839228630066,
        0.27545520663261414,
        0.275226354598999,
        0.27584901452064514,
        0.2750259041786194,
        0.2748706042766571
    ],
    "val_accuracy": [
        0.8533954620361328,
        0.8706233501434326,
        0.872740626335144,
        0.8763511776924133,
        0.8760837316513062,
        0.8743898868560791,
        0.8798947930335999,
        0.8798725008964539,
        0.8817669153213501,
        0.8814771771430969,
        0.8800062537193298,
        0.8826361298561096,
        0.8840401768684387,
        0.8834384679794312,
        0.8816332221031189,
        0.8829035758972168,
        0.8850877285003662,
        0.8843076229095459,
        0.883171021938324,
        0.8838841915130615,
        0.8857117295265198,
        0.8837950229644775,
        0.8817000389099121,
        0.8828812837600708,
        0.8857340216636658,
        0.886001467704773,
        0.8852214217185974,
        0.8856448531150818,
        0.8863134980201721,
        0.885912299156189,
        0.8833047151565552,
        0.8829481601715088,
        0.8862243294715881,
        0.8853996992111206,
        0.8853105902671814,
        0.8817446231842041,
        0.8871158361434937,
        0.8872049450874329,
        0.8852882981300354,
        0.8860683441162109,
        0.8863357901573181,
        0.8866701126098633,
        0.8824132680892944,
        0.8861352205276489,
        0.885956883430481,
        0.8870266675949097,
        0.8862466216087341,
        0.8869820833206177,
        0.886001467704773,
        0.8870043754577637,
        0.8850877285003662,
        0.8869152665138245,
        0.8834384679794312,
        0.8861352205276489,
        0.8863134980201721,
        0.8870935440063477,
        0.8851545453071594,
        0.8819674849510193,
        0.8868483901023865,
        0.8865140676498413,
        0.8856671452522278,
        0.8866923451423645,
        0.8864026665687561,
        0.887606143951416,
        0.8849316835403442,
        0.8872049450874329,
        0.8849316835403442,
        0.8878290057182312,
        0.8849985599517822
    ],