{
    "accuracy": [
        0.8413318991661072,
        0.8557033538818359,
        0.868013858795166,
        0.8716834187507629,
        0.872698187828064,
        0.8729735016822815,
        0.8743618726730347,
        0.8752310872077942,
        0.8749872446060181,
        0.8757817149162292,
        0.8770245313644409,
        0.8770678043365479,
        0.8776617050170898,
        0.8782713413238525,
        0.8783303499221802,
        0.8788770437240601,
        0.8788219690322876,
        0.8786842823028564,
        0.8797265887260437,
        0.8795377612113953,
        0.8792506456375122,
        0.8796872496604919,
        0.8800215721130371,
        0.8799664974212646,
        0.8802064061164856,
        0.8805210590362549,
        0.880591869354248,
        0.8804541826248169,
        0.8807216286659241,
        0.8812053799629211,
        0.8807963728904724,
        0.8810992240905762,
        0.8813037276268005,
        0.8812761902809143,
        0.8812879920005798,
        0.881358802318573,
        0.8811228275299072,
        0.8819094300270081,
        0.8815003633499146,
        0.8815357685089111,
        0.881952702999115,
        0.8815279006958008,
        0.8814964294433594,
        0.882043182849884,
        0.8820942640304565,
        0.882043182849884,
        0.8826330900192261,
        0.8825623393058777,
        0.8827039003372192,
        0.8826409578323364
    ],
    "auc": [
        0.9127223491668701,
        0.9252657294273376,
        0.9358400702476501,
        0.9392195343971252,
        0.9401038885116577,
        0.940744161605835,
        0.941470205783844,
        0.941879391670227,
        0.9420152306556702,
        0.9426236748695374,
        0.9430195093154907,
        0.9434494376182556,
        0.9439180493354797,
        0.9442837238311768,
        0.944754958152771,
        0.9451031684875488,
        0.9453542828559875,
        0.9455592632293701,
        0.9459306597709656,
        0.9459600448608398,
        0.9461178779602051,
        0.9462688565254211,
        0.9466040134429932,
        0.9466932415962219,
        0.9468244910240173,
        0.9470813274383545,
        0.9472319483757019,
        0.947350025177002,
        0.9473817944526672,
        0.9475257992744446,
        0.9475235939025879,
        0.9477394819259644,
        0.9478947520256042,
        0.9480794072151184,
        0.9479360580444336,
        0.9481687545776367,
        0.9483073353767395,
        0.9485076665878296,
        0.9484423995018005,
        0.9485900402069092,
        0.9488303065299988,
        0.948780357837677,
        0.948931097984314,
        0.9490879774093628,
        0.9491396546363831,
        0.9493110179901123,
        0.9496556520462036,
        0.9496651291847229,
        0.949691116809845,
        0.9496346712112427
    ],
    "loss": [
        0.37394240498542786,
        0.3466670513153076,
        0.3224688470363617,
        0.31415411829948425,
        0.3118573725223541,
        0.3103150427341461,
        0.30831974744796753,
        0.3072478771209717,
        0.3070398271083832,
        0.30545929074287415,
        0.304312527179718,
        0.30331292748451233,
        0.3020513355731964,
        0.3010741174221039,
        0.2999315559864044,
        0.29885801672935486,
        0.29820752143859863,
        0.2977760434150696,
        0.2967468202114105,
        0.2965685725212097,
        0.2963970899581909,
        0.2959112226963043,
        0.2950918674468994,
        0.29475826025009155,
        0.29443466663360596,
        0.29368066787719727,
        0.29340946674346924,
        0.2931860685348511,
        0.2930643856525421,
        0.29269787669181824,
        0.2924899458885193,
        0.2921692430973053,
        0.29150569438934326,
        0.29116734862327576,
        0.291426420211792,
        0.2909788191318512,
        0.29054903984069824,
        0.2899733781814575,
        0.290144145488739,
        0.289875864982605,
        0.2892445921897888,
        0.28934863209724426,
        0.2889297306537628,
        0.28849583864212036,
        0.28832948207855225,
        0.28783708810806274,
        0.2869792878627777,
        0.2868577837944031,
        0.28682583570480347,
        0.28702402114868164
    ],
    "val_accuracy": [
        0.851857602596283,
        0.8674140572547913,
        0.8743898868560791,
        0.877420961856842,
        0.8733423948287964,
        0.8777998089790344,
        0.875704824924469,
        0.8769751787185669,
        0.8775323629379272,
        0.8803628087043762,
        0.8786913156509399,
        0.8777552247047424,
        0.878535270690918,
        0.8765740394592285,
        0.8823240995407104,
        0.8612627983093262,
        0.8820120692253113,
        0.8715594410896301,
        0.883237898349762,
        0.8834607601165771,
        0.8825023770332336,
        0.8815217614173889,
        0.883237898349762,
        0.8833270072937012,
        0.8764625787734985,
        0.8791816234588623,
        0.8829704523086548,
        0.8840624690055847,
        0.8820120692253113,
        0.884797990322113,
        0.8850877285003662,
        0.882992684841156,
        0.8850431442260742,
        0.8854442834854126,
        0.8825246691703796,
        0.8826138377189636,
        0.8822795152664185,
        0.8850431442260742,
        0.8839733600616455,
        0.8841070532798767,
        0.8851322531700134,
        0.8854219913482666,
        0.8836836218833923,
        0.8821903467178345,
        0.8836390376091003,
        0.8818337917327881,
        0.8846419453620911,
        0.884708821773529,
        0.8862243294715881,
        0.8839956521987915
    ],
    "val_auc": [
        0.922857403755188,
        0.9364802837371826,
        0.9419088959693909,
        0.9444993138313293,
        0.941515326499939,
        0.9457036852836609,
        0.944443941116333,
        0.9457588195800781,
        0.9454178810119629,
        0.9475128054618835,
        0.9461175203323364,
        0.9471064805984497,
        0.946086585521698,
        0.9436880350112915,
        0.9492863416671753,
        0.9335880279541016,
        0.9490326046943665,
        0.9429129958152771,
        0.9503454566001892,
        0.950509786605835,
        0.9502506256103516,
        0.9498006701469421,
        0.9498525857925415,
        0.9509217143058777,
        0.9449751973152161,
        0.949385941028595,
        0.9509715437889099,
        0.9514904022216797,
        0.9495114088058472,
        0.9513129591941833,
        0.9523349404335022,
        0.95151287317276,
        0.9519667625427246,
        0.9520347118377686,
        0.950965404510498,
        0.9513335824012756,
        0.9512112140655518,
        0.9521806836128235,
        0.9517819881439209,
        0.9518616199493408,
        0.9527255892753601,
        0.9528997540473938,
        0.9517495036125183,
        0.9512432217597961,
        0.9523281455039978,
        0.9504901170730591,
        0.9527621865272522,
        0.952583372592926,
        0.9535824656486511,
        0.9525073170661926
    ],